Product_ID,return_risk_score
PROD00001417,0.6123929183728203
PROD00001763,0.6048378838474601
PROD00003024,0.6080994623865605
PROD00003404,0.6106276026361173
PROD00003775,0.6019975058818267
PROD00004019,0.6376476720561436
PROD00004878,0.6137414615246815
PROD00005689,0.6022095408597589
PROD00006453,0.6066986331986267
PROD00007235,0.6117674616096217
